"What","When","Credits","Volunteer First Name","Volunteer Last Name","Email","Phone"
"Valve Cover Race set up","9/26 2:30-3:30p","","","","",""
"Valve Cover Race set up","9/26 2:30-3:30p","","","","",""
"Valve Cover Race Disassemble","9/27 5:00-6:00p","","","","",""
"Valve Cover Race Disassemble","9/27 5:00-6:00p","","","","",""
"Sign & Barrels","9/26 - 9:00AM - 12:00PM","","","","",""
"Sign & Barrels","9/26 - 9:00AM - 12:00PM","","","","",""
"Sign & Barrels","9/26 - 9:00AM - 12:00PM","","","","",""
"Sign & Barrels","9/26 - 9:00AM - 12:00PM","","","","",""
"Sign & Barrels","9/26 - 9:00AM - 12:00PM","","","","",""
"Sign & Barrels","9/26 - 9:00AM - 12:00PM","","","","",""
"Main St Prep","9/26 - 12:00PM - 3:00PM","","","","",""
"Main St Prep","9/26 - 12:00PM - 3:00PM","","","","",""
"Main St Prep","9/26 - 12:00PM - 3:00PM","","","","",""
"Main St Prep","9/26 - 12:00PM - 3:00PM","","","","",""
"Main St Prep","9/26 - 12:00PM - 3:00PM","","","","",""
"Main St Prep","9/26 - 12:00PM - 3:00PM","","","","",""
"Show Car Parking","9/27 - 6:00AM - 12:00PM","","","","",""
"Show Car Parking","9/27 - 6:00AM - 12:00PM","","","","",""
"Show Car Parking","9/27 - 6:00AM - 12:00PM","","","","",""
"Show Car Parking","9/27 - 6:00AM - 12:00PM","","","","",""
"Show Car Parking","9/27 - 6:00AM - 12:00PM","","","","",""
"Show Car Parking","9/27 - 6:00AM - 12:00PM","","","","",""
"Show Car Parking","9/27 - 6:00AM - 12:00PM","","","","",""
"Show Car Parking","9/27 - 6:00AM - 12:00PM","","","","",""
"Show Car Parking","9/27 - 6:00AM - 12:00PM","","","","",""
"Show Car Parking","9/27 - 6:00AM - 12:00PM","","","","",""
"Show Car Parking","9/27 - 6:00AM - 12:00PM","","","","",""
"Show Car Parking","9/27 - 6:00AM - 12:00PM","","","","",""
"Show Car Parking","9/27 - 6:00AM - 12:00PM","","","","",""
"Show Car Parking","9/27 - 6:00AM - 12:00PM","","","","",""
"Show Car Parking","9/27 - 6:00AM - 12:00PM","","","","",""
"Show Car Parking","9/27 - 6:00AM - 12:00PM","","","","",""
"Show Car Parking","9/27 - 6:00AM - 12:00PM","","","","",""
"Show Car Parking","9/27 - 6:00AM - 12:00PM","","","","",""
"Show Car Parking","9/27 - 6:00AM - 12:00PM","","","","",""
"Show Car Parking","9/27 - 6:00AM - 12:00PM","","","","",""
"Show Car Parking","9/27 - 6:00AM - 12:00PM","","","","",""
"Show Car Parking","9/27 - 6:00AM - 12:00PM","","","","",""
"Entrance Gate","9/27 - 7:00AM - 11:00AM","","","","",""
"Entrance Gate","9/27 - 7:00AM - 11:00AM","","","","",""
"Entrance Gate","9/27 - 7:00AM - 11:00AM","","","","",""
"Entrance Gate","9/27 - 7:00AM - 11:00AM","","","","",""
"Entrance Gate","9/27 - 7:00AM - 11:00AM","","","","",""
"Entrance Gate","9/27 - 7:00AM - 11:00AM","","","","",""
"Registration","9/27 - 7:00AM - 11:00AM","","","","",""
"Registration","9/27 - 7:00AM - 11:00AM","","","","",""
"Registration","9/27 - 7:00AM - 11:00AM","","","","",""
"Registration","9/27 - 7:00AM - 11:00AM","","","","",""
"Registration","9/27 - 7:00AM - 11:00AM","","","","",""
"Registration","9/27 - 7:00AM - 11:00AM","","","","",""
"Sponsor Team","9/27 - 6:00AM - 9:00AM","","","","",""
"Sponsor Team","9/27 - 6:00AM - 9:00AM","","","","",""
"Sponsor Team","9/27 - 6:00AM - 9:00AM","","","","",""
"Vendor Team","9/27 - 6:00AM - 9:00AM","","","","",""
"Vendor Team","9/27 - 6:00AM - 9:00AM","","","","",""
"Public Parking Shuttle Route 1 - Early","9/27 - 9:00AM - 11:00AM","","","","",""
"Public Parking Shuttle Route 1 - Early","9/27 - 9:00AM - 11:00AM","","","","",""
"Public Parking Shuttle Route 1 - Mid-morning","9/27 - 11:00AM - 1:00PM","","","","",""
"Public Parking Shuttle Route 1 - Mid-morning","9/27 - 11:00AM - 1:00PM","","","","",""
"Public Parking Shuttle Route 1 - Mid-afternoon","9/27 - 1:00PM - 3:00PM","","","","",""
"Public Parking Shuttle Route 1 - Mid-afternoon","9/27 - 1:00PM - 3:00PM","","","","",""
"Public Parking Shuttle Route 1 - Late","9/27 - 3:00PM - 5:00PM","","","","",""
"Public Parking Shuttle Route 1 - Late","9/27 - 3:00PM - 5:00PM","","","","",""
"Public Parking Shuttle Route 2 - Early","9/27 - 9:00AM - 11:00AM","","","","",""
"Public Parking Shuttle Route 2 - Early","9/27 - 9:00AM - 11:00AM","","","","",""
"Public Parking Shuttle Route 2 - Mid-morning","9/27 - 11:00AM - 1:00PM","","","","",""
"Public Parking Shuttle Route 2 - Mid-morning","9/27 - 11:00AM - 1:00PM","","","","",""
"Public Parking Shuttle Route 2 - Mid-afternoon","9/27 - 1:00PM - 3:00PM","","","","",""
"Public Parking Shuttle Route 2 - Mid-afternoon","9/27 - 1:00PM - 3:00PM","","","","",""
"Public Parking Shuttle Route 2 - Late","9/27 - 3:00PM - 5:00PM","","","","",""
"Public Parking Shuttle Route 2 - Late","9/27 - 3:00PM - 5:00PM","","","","",""
"Public Parking Shuttle Route 3 - Early","9/27 - 9:00AM - 11:00AM","","","","",""
"Public Parking Shuttle Route 3 - Early","9/27 - 9:00AM - 11:00AM","","","","",""
"Public Parking Shuttle Route 3 - Mid-morning","9/27 - 11:00AM - 1:00PM","","","","",""
"Public Parking Shuttle Route 3 - Mid-morning","9/27 - 11:00AM - 1:00PM","","","","",""
"Public Parking Shuttle Route 3 - Mid-afternoon","9/27 - 1:00PM - 3:00PM","","","","",""
"Public Parking Shuttle Route 3 - Mid-afternoon","9/27 - 1:00PM - 3:00PM","","","","",""
"Public Parking Shuttle Route 3 - Late","9/27 - 3:00PM - 5:00PM","","","","",""
"Public Parking Shuttle Route 3 - Late","9/27 - 3:00PM - 5:00PM","","","","",""
"Judges Team","9/27 - 9:00AM - 1:00PM","","","","",""
"Judges Team","9/27 - 9:00AM - 1:00PM","","","","",""
"Judges Team","9/27 - 9:00AM - 1:00PM","","","","",""
"Judges Team","9/27 - 9:00AM - 1:00PM","","","","",""
"Judges Team","9/27 - 9:00AM - 1:00PM","","","","",""
"Judges Team","9/27 - 9:00AM - 1:00PM","","","","",""
"Merchandise - Sunrise","9/27 - 6:00AM - 8:00AM","","","","",""
"Merchandise - Sunrise","9/27 - 6:00AM - 8:00AM","","","","",""
"Merchandise - Sunrise","9/27 - 6:00AM - 8:00AM","","","","",""
"Merchandise - Sunrise","9/27 - 6:00AM - 8:00AM","","","","",""
"Merchandise - Early","9/27 - 8:00AM - 10:00AM","","","","",""
"Merchandise - Early","9/27 - 8:00AM - 10:00AM","","","","",""
"Merchandise - Early","9/27 - 8:00AM - 10:00AM","","","","",""
"Merchandise - Early","9/27 - 8:00AM - 10:00AM","","","","",""
"Merchandise - Mid","9/27 - 10:00AM - 12:00PM","","","","",""
"Merchandise - Mid","9/27 - 10:00AM - 12:00PM","","","","",""
"Merchandise - Mid","9/27 - 10:00AM - 12:00PM","","","","",""
"Merchandise - Mid","9/27 - 10:00AM - 12:00PM","","","","",""
"Merchandise - Afternoon","9/27 - 12:00PM - 2:00PM","","","","",""
"Merchandise - Afternoon","9/27 - 12:00PM - 2:00PM","","","","",""
"Merchandise - Afternoon","9/27 - 12:00PM - 2:00PM","","","","",""
"Merchandise - Afternoon","9/27 - 12:00PM - 2:00PM","","","","",""
"Merchandise - Late","9/27 - 2:00PM - 4:00PM","","","","",""
"Merchandise - Late","9/27 - 2:00PM - 4:00PM","","","","",""
"Merchandise - Late","9/27 - 2:00PM - 4:00PM","","","","",""
"Merchandise - Late","9/27 - 2:00PM - 4:00PM","","","","",""
"50/50 Raffle - Early","9/27 - 10:00AM - 12:00PM","","","","",""
"50/50 Raffle - Early","9/27 - 10:00AM - 12:00PM","","","","",""
"50/50 Raffle - Early","9/27 - 10:00AM - 12:00PM","","","","",""
"50/50 Raffle - Early","9/27 - 10:00AM - 12:00PM","","","","",""
"50/50 Raffle - Early","9/27 - 10:00AM - 12:00PM","","","","",""
"50/50 Raffle - Early","9/27 - 10:00AM - 12:00PM","","","","",""
"50/50 Raffle - Late","9/27 - 12:00PM - 2:00PM","","","","",""
"50/50 Raffle - Late","9/27 - 12:00PM - 2:00PM","","","","",""
"50/50 Raffle - Late","9/27 - 12:00PM - 2:00PM","","","","",""
"50/50 Raffle - Late","9/27 - 12:00PM - 2:00PM","","","","",""
"50/50 Raffle - Late","9/27 - 12:00PM - 2:00PM","","","","",""
"50/50 Raffle - Late","9/27 - 12:00PM - 2:00PM","","","","",""
"Valve Cover Racing - Early","9/27 - 9:00AM - 11:00AM","","","","",""
"Valve Cover Racing - Early","9/27 - 9:00AM - 11:00AM","","","","",""
"Valve Cover Racing - Mid","9/27 - 1:00PM - 3:00PM","","","","",""
"Valve Cover Racing - Mid","9/27 - 1:00PM - 3:00PM","","","","",""
"Greeter","9/27 - 11:00AM - 1:00PM","","","","",""
"Greeter","9/27 - 11:00AM - 1:00PM","","","","",""
"DJ Team","9/27 - 10:00AM - 4:00PM","","","","",""
"DJ Team","9/27 - 10:00AM - 4:00PM","","","","",""
"DJ Team","9/27 - 10:00AM - 4:00PM","","","","",""
"First Aid","9/27 - 10:00AM - 4:00PM","","","","",""
"Car Counter","9/27 - 11:00AM - 12:00PM","","","","",""
"Clean Up Team","9/28 - 9:00AM - 11:00AM","","","","",""
"Clean Up Team","9/28 - 9:00AM - 11:00AM","","","","",""
"Clean Up Team","9/28 - 9:00AM - 11:00AM","","","","",""
"Clean Up Team","9/28 - 9:00AM - 11:00AM","","","","",""
"Clean Up Team","9/28 - 9:00AM - 11:00AM","","","","",""
"Parking Guard (Seavy & Barnes)","9/27 - 7:00AM - 11:00AM","","","","",""
"Parking Guard (Seavy & Barnes)","9/27 - 7:00AM - 11:00AM","","","","",""
"Parking Guard (Seavy & Barnes)","9/27 - 7:00AM - 11:00AM","","","","",""
"Parking Guard (Seavy & Barnes)","9/27 - 7:00AM - 11:00AM","","","","",""
"Parking Guard (Seavy & Barnes)","9/27 - 11:00AM - 2:00PM","","","","",""
"Parking Guard (Seavy & Barnes)","9/27 - 11:00AM - 2:00PM","","","","",""
"Parking Guard (Seavy & Barnes)","9/27 - 11:00AM - 2:00PM","","","","",""
"Parking Guard (Seavy & Barnes)","9/27 - 11:00AM - 2:00PM","","","","",""
"Parking Guard (Methodist Church Lot)","9/27 - 7:00AM - 11:00AM","","","","",""
"Parking Guard (Methodist Church Lot)","9/27 - 7:00AM - 11:00AM","","","","",""
"Parking Guard (Methodist Church Lot)","9/27 - 7:00AM - 11:00AM","","","","",""
"Parking Guard (Methodist Church Lot)","9/27 - 7:00AM - 11:00AM","","","","",""
"Parking Guard (Methodist Church Lot)","9/27 - 11:00AM - 2:00PM","","","","",""
"Parking Guard (Methodist Church Lot)","9/27 - 11:00AM - 2:00PM","","","","",""
"Parking Guard (Methodist Church Lot)","9/27 - 11:00AM - 2:00PM","","","","",""
"Parking Guard (Methodist Church Lot)","9/27 - 11:00AM - 2:00PM","","","","",""
